Campaign,Ad Group,Keyword,Criterion Type,Final URL
SD | Marca,Serres Drive,serres drive,Phrase,https://serresdrive.com/
SD | Marca,Serres Drive,serresdrive,Exact,https://serresdrive.com/
SD | Marca,Serres Drive,serres drive barcelona,Exact,https://serresdrive.com/
SD | Marca,Serres Drive,serres alquiler coches,Exact,https://serresdrive.com/
SD | Marca,Serres Drive,serres drive alquiler,Exact,https://serresdrive.com/
SD | Marca,Serres Drive,serres rent a car,Exact,https://serresdrive.com/
SD | Genérico Lujo | BCN,Alquiler Coches de Lujo BCN,alquiler coches de lujo barcelona,Phrase,https://serresdrive.com/flota
SD | Genérico Lujo | BCN,Alquiler Coches de Lujo BCN,alquiler de coches de lujo barcelona,Exact,https://serresdrive.com/flota
SD | Genérico Lujo | BCN,Alquiler Coches de Lujo BCN,alquilar coche de lujo barcelona,Exact,https://serresdrive.com/flota
SD | Genérico Lujo | BCN,Alquiler Coches de Lujo BCN,alquiler coche de lujo barcelona,Exact,https://serresdrive.com/flota
SD | Genérico Lujo | BCN,Alquiler Coches de Lujo BCN,alquiler coches de lujo en barcelona,Exact,https://serresdrive.com/flota
SD | Genérico Lujo | BCN,Alquiler Coches de Lujo BCN,alquiler coches alta gama barcelona,Phrase,https://serresdrive.com/flota
SD | Genérico Lujo | BCN,Alquiler Coches de Lujo BCN,alquiler coches premium barcelona,Phrase,https://serresdrive.com/flota
SD | Genérico Lujo | BCN,Alquiler Coches de Lujo BCN,alquiler coche de lujo sant cugat,Exact,https://serresdrive.com/flota
SD | Genérico Lujo | BCN,Alquiler Coches de Lujo BCN,empresa alquiler coches de lujo barcelona,Exact,https://serresdrive.com/flota
SD | Genérico Lujo | BCN,Alquiler Coches de Lujo BCN,alquiler coches de lujo por dias barcelona,Exact,https://serresdrive.com/flota
SD | Genérico Lujo | BCN,Alquiler Coches de Lujo BCN,alquiler suv de lujo barcelona,Exact,https://serresdrive.com/flota
SD | Genérico Lujo | BCN,Alquiler Coche Deportivo BCN,alquiler coche deportivo barcelona,Phrase,https://serresdrive.com/flota
SD | Genérico Lujo | BCN,Alquiler Coche Deportivo BCN,alquilar coche deportivo barcelona,Exact,https://serresdrive.com/flota
SD | Genérico Lujo | BCN,Alquiler Coche Deportivo BCN,alquiler deportivos barcelona,Phrase,https://serresdrive.com/flota
SD | Genérico Lujo | BCN,Alquiler Coche Deportivo BCN,alquiler coches deportivos barcelona,Exact,https://serresdrive.com/flota
SD | Genérico Lujo | BCN,Alquiler Coche Deportivo BCN,alquilar un deportivo barcelona,Exact,https://serresdrive.com/flota
SD | Genérico Lujo | BCN,Alquiler Coche Deportivo BCN,alquiler coche deportivo por dias,Exact,https://serresdrive.com/flota
SD | Genérico Lujo | BCN,Alquiler Descapotable BCN,alquiler coche descapotable barcelona,Phrase,https://serresdrive.com/coches/porsche-911-cabrio
SD | Genérico Lujo | BCN,Alquiler Descapotable BCN,alquilar descapotable barcelona,Exact,https://serresdrive.com/coches/porsche-911-cabrio
SD | Genérico Lujo | BCN,Alquiler Descapotable BCN,alquiler descapotable barcelona,Exact,https://serresdrive.com/coches/porsche-911-cabrio
SD | Genérico Lujo | BCN,Alquiler Descapotable BCN,alquiler cabrio barcelona,Phrase,https://serresdrive.com/coches/porsche-911-cabrio
SD | Genérico Lujo | BCN,Alquiler Descapotable BCN,alquiler coche cabrio barcelona,Exact,https://serresdrive.com/coches/porsche-911-cabrio
SD | Genérico Lujo | BCN,Alquiler Descapotable BCN,alquilar un cabrio en barcelona,Exact,https://serresdrive.com/coches/porsche-911-cabrio
SD | Genérico Lujo | BCN,Alquiler Descapotable BCN,alquiler descapotable de lujo barcelona,Exact,https://serresdrive.com/coches/porsche-911-cabrio
SD | Genérico Lujo | BCN,Luxury Car Rental BCN (EN),luxury car rental barcelona,Phrase,https://serresdrive.com/flota
SD | Genérico Lujo | BCN,Luxury Car Rental BCN (EN),rent a luxury car barcelona,Exact,https://serresdrive.com/flota
SD | Genérico Lujo | BCN,Luxury Car Rental BCN (EN),rent luxury car barcelona,Exact,https://serresdrive.com/flota
SD | Genérico Lujo | BCN,Luxury Car Rental BCN (EN),luxury car hire barcelona,Exact,https://serresdrive.com/flota
SD | Genérico Lujo | BCN,Luxury Car Rental BCN (EN),sports car rental barcelona,Phrase,https://serresdrive.com/flota
SD | Genérico Lujo | BCN,Luxury Car Rental BCN (EN),rent a sports car barcelona,Exact,https://serresdrive.com/flota
SD | Genérico Lujo | BCN,Luxury Car Rental BCN (EN),exotic car rental barcelona,Phrase,https://serresdrive.com/flota
SD | Genérico Lujo | BCN,Luxury Car Rental BCN (EN),convertible rental barcelona,Exact,https://serresdrive.com/flota
SD | Genérico Lujo | BCN,Luxury Car Rental BCN (EN),luxury rent a car barcelona,Exact,https://serresdrive.com/flota
SD | Genérico Lujo | BCN,Luxury Car Rental BCN (EN),luxury suv rental barcelona,Exact,https://serresdrive.com/flota
SD | Por Marca | BCN,Porsche,alquilar porsche barcelona,Phrase,https://serresdrive.com/flota/porsche
SD | Por Marca | BCN,Porsche,alquiler porsche barcelona,Phrase,https://serresdrive.com/flota/porsche
SD | Por Marca | BCN,Porsche,alquiler de porsche barcelona,Exact,https://serresdrive.com/flota/porsche
SD | Por Marca | BCN,Porsche,alquilar un porsche barcelona,Exact,https://serresdrive.com/flota/porsche
SD | Por Marca | BCN,Porsche,alquiler porsche por dias,Exact,https://serresdrive.com/flota/porsche
SD | Por Marca | BCN,Porsche,alquiler porsche precio,Exact,https://serresdrive.com/flota/porsche
SD | Por Marca | BCN,Porsche,rent a porsche barcelona,Exact,https://serresdrive.com/flota/porsche
SD | Por Marca | BCN,Porsche,porsche rental barcelona,Exact,https://serresdrive.com/flota/porsche
SD | Por Marca | BCN,Porsche,porsche hire barcelona,Exact,https://serresdrive.com/flota/porsche
SD | Por Marca | BCN,Lamborghini,alquilar lamborghini barcelona,Phrase,https://serresdrive.com/flota/lamborghini
SD | Por Marca | BCN,Lamborghini,alquiler lamborghini barcelona,Phrase,https://serresdrive.com/flota/lamborghini
SD | Por Marca | BCN,Lamborghini,alquiler de lamborghini barcelona,Exact,https://serresdrive.com/flota/lamborghini
SD | Por Marca | BCN,Lamborghini,alquilar un lamborghini barcelona,Exact,https://serresdrive.com/flota/lamborghini
SD | Por Marca | BCN,Lamborghini,alquiler lamborghini precio,Exact,https://serresdrive.com/flota/lamborghini
SD | Por Marca | BCN,Lamborghini,alquiler lamborghini por dias,Exact,https://serresdrive.com/flota/lamborghini
SD | Por Marca | BCN,Lamborghini,rent a lamborghini barcelona,Exact,https://serresdrive.com/flota/lamborghini
SD | Por Marca | BCN,Lamborghini,lamborghini rental barcelona,Exact,https://serresdrive.com/flota/lamborghini
SD | Por Marca | BCN,Lamborghini,lamborghini hire barcelona,Exact,https://serresdrive.com/flota/lamborghini
SD | Por Marca | BCN,Mercedes-AMG,alquilar mercedes barcelona,Phrase,https://serresdrive.com/flota/mercedes-amg
SD | Por Marca | BCN,Mercedes-AMG,alquiler mercedes barcelona,Phrase,https://serresdrive.com/flota/mercedes-amg
SD | Por Marca | BCN,Mercedes-AMG,alquiler mercedes amg barcelona,Exact,https://serresdrive.com/flota/mercedes-amg
SD | Por Marca | BCN,Mercedes-AMG,alquilar mercedes amg barcelona,Exact,https://serresdrive.com/flota/mercedes-amg
SD | Por Marca | BCN,Mercedes-AMG,alquiler de mercedes barcelona,Exact,https://serresdrive.com/flota/mercedes-amg
SD | Por Marca | BCN,Mercedes-AMG,alquiler mercedes lujo barcelona,Exact,https://serresdrive.com/flota/mercedes-amg
SD | Por Marca | BCN,Mercedes-AMG,rent mercedes barcelona,Exact,https://serresdrive.com/flota/mercedes-amg
SD | Por Marca | BCN,Mercedes-AMG,mercedes rental barcelona,Exact,https://serresdrive.com/flota/mercedes-amg
SD | Por Marca | BCN,Mercedes-AMG,rent mercedes amg barcelona,Exact,https://serresdrive.com/flota/mercedes-amg
SD | Por Marca | BCN,Audi,alquilar audi barcelona,Phrase,https://serresdrive.com/flota/audi
SD | Por Marca | BCN,Audi,alquiler audi barcelona,Phrase,https://serresdrive.com/flota/audi
SD | Por Marca | BCN,Audi,alquiler audi deportivo barcelona,Exact,https://serresdrive.com/flota/audi
SD | Por Marca | BCN,Audi,alquiler audi rs barcelona,Exact,https://serresdrive.com/flota/audi
SD | Por Marca | BCN,Audi,alquiler de audi barcelona,Exact,https://serresdrive.com/flota/audi
SD | Por Marca | BCN,Audi,rent audi barcelona,Exact,https://serresdrive.com/flota/audi
SD | Por Marca | BCN,Audi,audi rental barcelona,Exact,https://serresdrive.com/flota/audi
SD | Por Marca | BCN,Range Rover,alquilar range rover barcelona,Phrase,https://serresdrive.com/flota/range-rover
SD | Por Marca | BCN,Range Rover,alquiler range rover barcelona,Phrase,https://serresdrive.com/flota/range-rover
SD | Por Marca | BCN,Range Rover,alquiler land rover barcelona,Exact,https://serresdrive.com/flota/range-rover
SD | Por Marca | BCN,Range Rover,alquilar land rover barcelona,Exact,https://serresdrive.com/flota/range-rover
SD | Por Marca | BCN,Range Rover,alquiler range rover precio,Exact,https://serresdrive.com/flota/range-rover
SD | Por Marca | BCN,Range Rover,rent range rover barcelona,Exact,https://serresdrive.com/flota/range-rover
SD | Por Marca | BCN,Range Rover,range rover rental barcelona,Exact,https://serresdrive.com/flota/range-rover
SD | Por Modelo Premium | BCN,Mercedes-AMG G63,alquilar g63 barcelona,Phrase,https://serresdrive.com/coches/mercedes-amg-g63
SD | Por Modelo Premium | BCN,Mercedes-AMG G63,alquiler g63 barcelona,Phrase,https://serresdrive.com/coches/mercedes-amg-g63
SD | Por Modelo Premium | BCN,Mercedes-AMG G63,alquiler mercedes g63 barcelona,Exact,https://serresdrive.com/coches/mercedes-amg-g63
SD | Por Modelo Premium | BCN,Mercedes-AMG G63,alquilar mercedes g63,Exact,https://serresdrive.com/coches/mercedes-amg-g63
SD | Por Modelo Premium | BCN,Mercedes-AMG G63,alquiler clase g barcelona,Exact,https://serresdrive.com/coches/mercedes-amg-g63
SD | Por Modelo Premium | BCN,Mercedes-AMG G63,alquilar clase g barcelona,Exact,https://serresdrive.com/coches/mercedes-amg-g63
SD | Por Modelo Premium | BCN,Mercedes-AMG G63,alquiler g63 precio,Exact,https://serresdrive.com/coches/mercedes-amg-g63
SD | Por Modelo Premium | BCN,Mercedes-AMG G63,alquiler amg g63,Exact,https://serresdrive.com/coches/mercedes-amg-g63
SD | Por Modelo Premium | BCN,Mercedes-AMG G63,rent g63 barcelona,Exact,https://serresdrive.com/coches/mercedes-amg-g63
SD | Por Modelo Premium | BCN,Mercedes-AMG G63,g wagon rental barcelona,Exact,https://serresdrive.com/coches/mercedes-amg-g63
SD | Por Modelo Premium | BCN,Mercedes-AMG G63,rent mercedes g class barcelona,Exact,https://serresdrive.com/coches/mercedes-amg-g63
SD | Por Modelo Premium | BCN,Lamborghini Urus,alquilar urus barcelona,Phrase,https://serresdrive.com/coches/lamborghini-urus
SD | Por Modelo Premium | BCN,Lamborghini Urus,alquiler lamborghini urus barcelona,Phrase,https://serresdrive.com/coches/lamborghini-urus
SD | Por Modelo Premium | BCN,Lamborghini Urus,alquiler urus barcelona,Phrase,https://serresdrive.com/coches/lamborghini-urus
SD | Por Modelo Premium | BCN,Lamborghini Urus,alquilar lamborghini urus,Exact,https://serresdrive.com/coches/lamborghini-urus
SD | Por Modelo Premium | BCN,Lamborghini Urus,alquiler urus precio,Exact,https://serresdrive.com/coches/lamborghini-urus
SD | Por Modelo Premium | BCN,Lamborghini Urus,alquiler urus por dias,Exact,https://serresdrive.com/coches/lamborghini-urus
SD | Por Modelo Premium | BCN,Lamborghini Urus,rent lamborghini urus barcelona,Exact,https://serresdrive.com/coches/lamborghini-urus
SD | Por Modelo Premium | BCN,Lamborghini Urus,urus rental barcelona,Exact,https://serresdrive.com/coches/lamborghini-urus
SD | Por Modelo Premium | BCN,Lamborghini Urus,rent a urus barcelona,Exact,https://serresdrive.com/coches/lamborghini-urus
SD | Por Modelo Premium | BCN,Audi RS6 Avant,alquilar audi rs6 barcelona,Phrase,https://serresdrive.com/coches/audi-rs6-avant
SD | Por Modelo Premium | BCN,Audi RS6 Avant,alquiler audi rs6 barcelona,Phrase,https://serresdrive.com/coches/audi-rs6-avant
SD | Por Modelo Premium | BCN,Audi RS6 Avant,alquiler rs6 barcelona,Exact,https://serresdrive.com/coches/audi-rs6-avant
SD | Por Modelo Premium | BCN,Audi RS6 Avant,alquilar rs6,Exact,https://serresdrive.com/coches/audi-rs6-avant
SD | Por Modelo Premium | BCN,Audi RS6 Avant,alquiler rs6 avant barcelona,Exact,https://serresdrive.com/coches/audi-rs6-avant
SD | Por Modelo Premium | BCN,Audi RS6 Avant,alquiler audi rs6 precio,Exact,https://serresdrive.com/coches/audi-rs6-avant
SD | Por Modelo Premium | BCN,Audi RS6 Avant,rent audi rs6 barcelona,Exact,https://serresdrive.com/coches/audi-rs6-avant
SD | Por Modelo Premium | BCN,Audi RS6 Avant,audi rs6 rental barcelona,Exact,https://serresdrive.com/coches/audi-rs6-avant
SD | Por Modelo Premium | BCN,Porsche 911 Cabrio (992),alquilar porsche cabrio barcelona,Phrase,https://serresdrive.com/coches/porsche-911-cabrio
SD | Por Modelo Premium | BCN,Porsche 911 Cabrio (992),alquiler porsche 911 cabrio barcelona,Phrase,https://serresdrive.com/coches/porsche-911-cabrio
SD | Por Modelo Premium | BCN,Porsche 911 Cabrio (992),alquiler 911 cabrio,Exact,https://serresdrive.com/coches/porsche-911-cabrio
SD | Por Modelo Premium | BCN,Porsche 911 Cabrio (992),alquilar porsche descapotable barcelona,Exact,https://serresdrive.com/coches/porsche-911-cabrio
SD | Por Modelo Premium | BCN,Porsche 911 Cabrio (992),alquiler porsche cabriolet barcelona,Exact,https://serresdrive.com/coches/porsche-911-cabrio
SD | Por Modelo Premium | BCN,Porsche 911 Cabrio (992),rent porsche 911 cabriolet barcelona,Exact,https://serresdrive.com/coches/porsche-911-cabrio
SD | Por Modelo Premium | BCN,Porsche 911 Cabrio (992),rent porsche convertible barcelona,Exact,https://serresdrive.com/coches/porsche-911-cabrio
SD | Por Modelo Premium | BCN,Porsche 911 Carrera S (991),alquilar porsche 911 barcelona,Phrase,https://serresdrive.com/coches/porsche-911-carrera-s
SD | Por Modelo Premium | BCN,Porsche 911 Carrera S (991),alquiler porsche 911 barcelona,Phrase,https://serresdrive.com/coches/porsche-911-carrera-s
SD | Por Modelo Premium | BCN,Porsche 911 Carrera S (991),alquiler 911 barcelona,Exact,https://serresdrive.com/coches/porsche-911-carrera-s
SD | Por Modelo Premium | BCN,Porsche 911 Carrera S (991),alquilar 911 carrera,Exact,https://serresdrive.com/coches/porsche-911-carrera-s
SD | Por Modelo Premium | BCN,Porsche 911 Carrera S (991),alquiler porsche 911 precio,Exact,https://serresdrive.com/coches/porsche-911-carrera-s
SD | Por Modelo Premium | BCN,Porsche 911 Carrera S (991),alquiler porsche carrera barcelona,Exact,https://serresdrive.com/coches/porsche-911-carrera-s
SD | Por Modelo Premium | BCN,Porsche 911 Carrera S (991),rent porsche 911 barcelona,Exact,https://serresdrive.com/coches/porsche-911-carrera-s
SD | Por Modelo Premium | BCN,Porsche 911 Carrera S (991),porsche 911 rental barcelona,Exact,https://serresdrive.com/coches/porsche-911-carrera-s
SD | Por Modelo Premium | BCN,Porsche Cayenne Hybrid,alquilar porsche cayenne barcelona,Phrase,https://serresdrive.com/coches/porsche-cayenne-hybrid
SD | Por Modelo Premium | BCN,Porsche Cayenne Hybrid,alquiler porsche cayenne barcelona,Phrase,https://serresdrive.com/coches/porsche-cayenne-hybrid
SD | Por Modelo Premium | BCN,Porsche Cayenne Hybrid,alquiler cayenne barcelona,Exact,https://serresdrive.com/coches/porsche-cayenne-hybrid
SD | Por Modelo Premium | BCN,Porsche Cayenne Hybrid,alquilar cayenne,Exact,https://serresdrive.com/coches/porsche-cayenne-hybrid
SD | Por Modelo Premium | BCN,Porsche Cayenne Hybrid,alquiler porsche cayenne precio,Exact,https://serresdrive.com/coches/porsche-cayenne-hybrid
SD | Por Modelo Premium | BCN,Porsche Cayenne Hybrid,rent porsche cayenne barcelona,Exact,https://serresdrive.com/coches/porsche-cayenne-hybrid
SD | Por Modelo Premium | BCN,Mercedes-AMG A45 S,alquilar a45 barcelona,Phrase,https://serresdrive.com/coches/mercedes-amg-a45
SD | Por Modelo Premium | BCN,Mercedes-AMG A45 S,alquiler a45 amg barcelona,Phrase,https://serresdrive.com/coches/mercedes-amg-a45
SD | Por Modelo Premium | BCN,Mercedes-AMG A45 S,alquiler mercedes a45 barcelona,Exact,https://serresdrive.com/coches/mercedes-amg-a45
SD | Por Modelo Premium | BCN,Mercedes-AMG A45 S,alquilar mercedes a45 amg,Exact,https://serresdrive.com/coches/mercedes-amg-a45
SD | Por Modelo Premium | BCN,Mercedes-AMG A45 S,alquiler a45 precio,Exact,https://serresdrive.com/coches/mercedes-amg-a45
SD | Por Modelo Premium | BCN,Mercedes-AMG A45 S,rent mercedes a45 barcelona,Exact,https://serresdrive.com/coches/mercedes-amg-a45
SD | Por Modelo Premium | BCN,Audi RS3 Sportback,alquilar audi rs3 barcelona,Phrase,https://serresdrive.com/coches/audi-rs3-sportback
SD | Por Modelo Premium | BCN,Audi RS3 Sportback,alquiler audi rs3 barcelona,Phrase,https://serresdrive.com/coches/audi-rs3-sportback
SD | Por Modelo Premium | BCN,Audi RS3 Sportback,alquiler rs3 barcelona,Exact,https://serresdrive.com/coches/audi-rs3-sportback
SD | Por Modelo Premium | BCN,Audi RS3 Sportback,alquilar rs3,Exact,https://serresdrive.com/coches/audi-rs3-sportback
SD | Por Modelo Premium | BCN,Audi RS3 Sportback,alquiler audi rs3 precio,Exact,https://serresdrive.com/coches/audi-rs3-sportback
SD | Por Modelo Premium | BCN,Audi RS3 Sportback,rent audi rs3 barcelona,Exact,https://serresdrive.com/coches/audi-rs3-sportback
SD | Por Modelo Premium | BCN,Audi RS Q3,alquilar audi rsq3 barcelona,Phrase,https://serresdrive.com/coches/audi-rsq3
SD | Por Modelo Premium | BCN,Audi RS Q3,alquiler audi rs q3 barcelona,Phrase,https://serresdrive.com/coches/audi-rsq3
SD | Por Modelo Premium | BCN,Audi RS Q3,alquiler rsq3 barcelona,Exact,https://serresdrive.com/coches/audi-rsq3
SD | Por Modelo Premium | BCN,Audi RS Q3,alquilar rs q3,Exact,https://serresdrive.com/coches/audi-rsq3
SD | Por Modelo Premium | BCN,Audi RS Q3,alquiler audi rs q3 sportback,Exact,https://serresdrive.com/coches/audi-rsq3
SD | Por Modelo Premium | BCN,Audi RS Q3,alquiler rsq3 precio,Exact,https://serresdrive.com/coches/audi-rsq3
SD | Por Modelo Premium | BCN,Audi RS Q3,rent audi rsq3 barcelona,Exact,https://serresdrive.com/coches/audi-rsq3
SD | Por Modelo Premium | BCN,Volkswagen Golf 8.5 R,alquilar golf r barcelona,Phrase,https://serresdrive.com/coches/volkswagen-golf-r
SD | Por Modelo Premium | BCN,Volkswagen Golf 8.5 R,alquiler golf r barcelona,Phrase,https://serresdrive.com/coches/volkswagen-golf-r
SD | Por Modelo Premium | BCN,Volkswagen Golf 8.5 R,alquiler volkswagen golf r,Exact,https://serresdrive.com/coches/volkswagen-golf-r
SD | Por Modelo Premium | BCN,Volkswagen Golf 8.5 R,alquilar golf 8 r,Exact,https://serresdrive.com/coches/volkswagen-golf-r
SD | Por Modelo Premium | BCN,Volkswagen Golf 8.5 R,alquiler golf r precio,Exact,https://serresdrive.com/coches/volkswagen-golf-r
SD | Por Modelo Premium | BCN,Volkswagen Golf 8.5 R,rent golf r barcelona,Exact,https://serresdrive.com/coches/volkswagen-golf-r
SD | Por Modelo Premium | BCN,Range Rover Velar,alquilar range rover velar barcelona,Phrase,https://serresdrive.com/coches/range-rover-velar
SD | Por Modelo Premium | BCN,Range Rover Velar,alquiler velar barcelona,Phrase,https://serresdrive.com/coches/range-rover-velar
SD | Por Modelo Premium | BCN,Range Rover Velar,alquiler range rover velar,Exact,https://serresdrive.com/coches/range-rover-velar
SD | Por Modelo Premium | BCN,Range Rover Velar,alquilar velar,Exact,https://serresdrive.com/coches/range-rover-velar
SD | Por Modelo Premium | BCN,Range Rover Velar,rent range rover velar barcelona,Exact,https://serresdrive.com/coches/range-rover-velar
SD | Por Modelo Económico | BCN,Mercedes GLC,alquilar mercedes glc barcelona,Phrase,https://serresdrive.com/coches/mercedes-glc
SD | Por Modelo Económico | BCN,Mercedes GLC,alquiler glc barcelona,Phrase,https://serresdrive.com/coches/mercedes-glc
SD | Por Modelo Económico | BCN,Mercedes GLC,alquiler mercedes glc precio,Exact,https://serresdrive.com/coches/mercedes-glc
SD | Por Modelo Económico | BCN,Mercedes GLC,rent mercedes glc barcelona,Exact,https://serresdrive.com/coches/mercedes-glc
SD | Por Modelo Económico | BCN,Mercedes A200 4Matic,alquilar mercedes clase a barcelona,Phrase,https://serresdrive.com/coches/mercedes-a200-4matic
SD | Por Modelo Económico | BCN,Mercedes A200 4Matic,alquiler mercedes a200 barcelona,Phrase,https://serresdrive.com/coches/mercedes-a200-4matic
SD | Por Modelo Económico | BCN,Mercedes A200 4Matic,alquiler clase a barcelona,Exact,https://serresdrive.com/coches/mercedes-a200-4matic
SD | Por Modelo Económico | BCN,Mercedes A200 4Matic,rent mercedes a class barcelona,Exact,https://serresdrive.com/coches/mercedes-a200-4matic
SD | Ocasiones | BCN,Coche para Boda BCN,coche para boda barcelona,Phrase,https://serresdrive.com/flota
SD | Ocasiones | BCN,Coche para Boda BCN,alquiler coche bodas barcelona,Phrase,https://serresdrive.com/flota
SD | Ocasiones | BCN,Coche para Boda BCN,alquiler coche boda barcelona,Exact,https://serresdrive.com/flota
SD | Ocasiones | BCN,Coche para Boda BCN,alquiler coche de lujo para boda barcelona,Exact,https://serresdrive.com/flota
SD | Ocasiones | BCN,Coche para Boda BCN,coche de lujo para boda barcelona,Exact,https://serresdrive.com/flota
SD | Ocasiones | BCN,Coche para Boda BCN,alquiler coche novios barcelona,Exact,https://serresdrive.com/flota
SD | Ocasiones | BCN,Coche para Boda BCN,alquiler porsche boda barcelona,Exact,https://serresdrive.com/flota
SD | Ocasiones | BCN,Coche para Boda BCN,alquiler descapotable boda barcelona,Exact,https://serresdrive.com/flota
SD | Ocasiones | BCN,Coche para Boda BCN,wedding car rental barcelona,Exact,https://serresdrive.com/flota
SD | Ocasiones | BCN,Sesión de Fotos y Eventos BCN,alquiler coche sesion de fotos barcelona,Phrase,https://serresdrive.com/flota
SD | Ocasiones | BCN,Sesión de Fotos y Eventos BCN,alquiler coche sesión de fotos barcelona,Phrase,https://serresdrive.com/flota
SD | Ocasiones | BCN,Sesión de Fotos y Eventos BCN,alquiler coche eventos barcelona,Phrase,https://serresdrive.com/flota
SD | Ocasiones | BCN,Sesión de Fotos y Eventos BCN,alquiler coche para evento barcelona,Exact,https://serresdrive.com/flota
SD | Ocasiones | BCN,Sesión de Fotos y Eventos BCN,alquiler coche rodaje barcelona,Exact,https://serresdrive.com/flota
SD | Ocasiones | BCN,Sesión de Fotos y Eventos BCN,alquiler coche videoclip barcelona,Exact,https://serresdrive.com/flota
SD | Ocasiones | BCN,Sesión de Fotos y Eventos BCN,alquiler coche de lujo para fotos barcelona,Exact,https://serresdrive.com/flota
SD | Ocasiones | BCN,Sesión de Fotos y Eventos BCN,alquiler coche para fotos barcelona,Exact,https://serresdrive.com/flota
SD | Ocasiones | BCN,Regalo Experiencia BCN,regalo conducir deportivo barcelona,Phrase,https://serresdrive.com/flota
SD | Ocasiones | BCN,Regalo Experiencia BCN,regalo experiencia conducir porsche barcelona,Exact,https://serresdrive.com/flota
SD | Ocasiones | BCN,Regalo Experiencia BCN,regalar alquiler coche de lujo,Exact,https://serresdrive.com/flota
SD | Ocasiones | BCN,Regalo Experiencia BCN,regalar conducir un porsche barcelona,Exact,https://serresdrive.com/flota
SD | Ocasiones | BCN,Regalo Experiencia BCN,regalo conducir porsche barcelona,Exact,https://serresdrive.com/flota
SD | Ocasiones | BCN,Regalo Experiencia BCN,regalo conducir lamborghini barcelona,Exact,https://serresdrive.com/flota
SD | Ocasiones | BCN,Regalo Experiencia BCN,regalo alquiler deportivo barcelona,Exact,https://serresdrive.com/flota
SD | Ocasiones | BCN,Regalo Experiencia BCN,conducir un porsche un dia barcelona,Exact,https://serresdrive.com/flota
