Campaign,Ad Group,Keyword,Criterion Type
SD | Marca,,wrap,Negative Broad
SD | Marca,,wrapping,Negative Broad
SD | Marca,,vinilo,Negative Broad
SD | Marca,,vinilar,Negative Broad
SD | Marca,,ppf,Negative Broad
SD | Marca,,detailing,Negative Broad
SD | Marca,,pulido,Negative Broad
SD | Marca,,ceramico,Negative Broad
SD | Marca,,cerámico,Negative Broad
SD | Marca,,body kit,Negative Broad
SD | Marca,,rotulacion,Negative Broad
SD | Marca,,rotulación,Negative Broad
SD | Marca,,empleo,Negative Broad
SD | Marca,,trabajo,Negative Broad
SD | Genérico Lujo | BCN,,gratis,Negative Broad
SD | Genérico Lujo | BCN,,barato,Negative Broad
SD | Genérico Lujo | BCN,,barata,Negative Broad
SD | Genérico Lujo | BCN,,baratos,Negative Broad
SD | Genérico Lujo | BCN,,baratas,Negative Broad
SD | Genérico Lujo | BCN,,economico,Negative Broad
SD | Genérico Lujo | BCN,,económico,Negative Broad
SD | Genérico Lujo | BCN,,economica,Negative Broad
SD | Genérico Lujo | BCN,,económica,Negative Broad
SD | Genérico Lujo | BCN,,low cost,Negative Broad
SD | Genérico Lujo | BCN,,lowcost,Negative Broad
SD | Genérico Lujo | BCN,,oferta,Negative Broad
SD | Genérico Lujo | BCN,,ofertas,Negative Broad
SD | Genérico Lujo | BCN,,descuento,Negative Broad
SD | Genérico Lujo | BCN,,comprar,Negative Broad
SD | Genérico Lujo | BCN,,compra,Negative Broad
SD | Genérico Lujo | BCN,,venta,Negative Broad
SD | Genérico Lujo | BCN,,vender,Negative Broad
SD | Genérico Lujo | BCN,,segunda mano,Negative Broad
SD | Genérico Lujo | BCN,,ocasion,Negative Broad
SD | Genérico Lujo | BCN,,ocasión,Negative Broad
SD | Genérico Lujo | BCN,,km 0,Negative Broad
SD | Genérico Lujo | BCN,,km0,Negative Broad
SD | Genérico Lujo | BCN,,nuevo precio,Negative Broad
SD | Genérico Lujo | BCN,,precio nuevo,Negative Broad
SD | Genérico Lujo | BCN,,concesionario,Negative Broad
SD | Genérico Lujo | BCN,,ficha tecnica,Negative Broad
SD | Genérico Lujo | BCN,,ficha técnica,Negative Broad
SD | Genérico Lujo | BCN,,prueba,Negative Broad
SD | Genérico Lujo | BCN,,test drive,Negative Broad
SD | Genérico Lujo | BCN,,opiniones,Negative Broad
SD | Genérico Lujo | BCN,,review,Negative Broad
SD | Genérico Lujo | BCN,,renting,Negative Broad
SD | Genérico Lujo | BCN,,leasing,Negative Broad
SD | Genérico Lujo | BCN,,largo plazo,Negative Broad
SD | Genérico Lujo | BCN,,suscripcion,Negative Broad
SD | Genérico Lujo | BCN,,suscripción,Negative Broad
SD | Genérico Lujo | BCN,,financiacion,Negative Broad
SD | Genérico Lujo | BCN,,financiación,Negative Broad
SD | Genérico Lujo | BCN,,cuotas,Negative Broad
SD | Genérico Lujo | BCN,,empleo,Negative Broad
SD | Genérico Lujo | BCN,,trabajo,Negative Broad
SD | Genérico Lujo | BCN,,trabajos,Negative Broad
SD | Genérico Lujo | BCN,,ofertas de empleo,Negative Broad
SD | Genérico Lujo | BCN,,se busca,Negative Broad
SD | Genérico Lujo | BCN,,sueldo,Negative Broad
SD | Genérico Lujo | BCN,,salario,Negative Broad
SD | Genérico Lujo | BCN,,curriculum,Negative Broad
SD | Genérico Lujo | BCN,,vacante,Negative Broad
SD | Genérico Lujo | BCN,,seguro,Negative Broad
SD | Genérico Lujo | BCN,,seguros,Negative Broad
SD | Genérico Lujo | BCN,,aseguradora,Negative Broad
SD | Genérico Lujo | BCN,,taller,Negative Broad
SD | Genérico Lujo | BCN,,reparacion,Negative Broad
SD | Genérico Lujo | BCN,,reparación,Negative Broad
SD | Genérico Lujo | BCN,,mecanico,Negative Broad
SD | Genérico Lujo | BCN,,mecánico,Negative Broad
SD | Genérico Lujo | BCN,,carnet,Negative Broad
SD | Genérico Lujo | BCN,,autoescuela,Negative Broad
SD | Genérico Lujo | BCN,,clases,Negative Broad
SD | Genérico Lujo | BCN,,curso,Negative Broad
SD | Genérico Lujo | BCN,,cursos,Negative Broad
SD | Genérico Lujo | BCN,,vinilo,Negative Broad
SD | Genérico Lujo | BCN,,vinilos,Negative Broad
SD | Genérico Lujo | BCN,,vinilar,Negative Broad
SD | Genérico Lujo | BCN,,wrapping,Negative Broad
SD | Genérico Lujo | BCN,,wrap,Negative Broad
SD | Genérico Lujo | BCN,,rotulacion,Negative Broad
SD | Genérico Lujo | BCN,,rotulación,Negative Broad
SD | Genérico Lujo | BCN,,tuning,Negative Broad
SD | Genérico Lujo | BCN,,laminas,Negative Broad
SD | Genérico Lujo | BCN,,láminas,Negative Broad
SD | Genérico Lujo | BCN,,ppf,Negative Broad
SD | Genérico Lujo | BCN,,detailing,Negative Broad
SD | Genérico Lujo | BCN,,pulido,Negative Broad
SD | Genérico Lujo | BCN,,pulir,Negative Broad
SD | Genérico Lujo | BCN,,ceramico,Negative Broad
SD | Genérico Lujo | BCN,,cerámico,Negative Broad
SD | Genérico Lujo | BCN,,body kit,Negative Broad
SD | Genérico Lujo | BCN,,juego,Negative Broad
SD | Genérico Lujo | BCN,,juegos,Negative Broad
SD | Genérico Lujo | BCN,,gta,Negative Broad
SD | Genérico Lujo | BCN,,simulador,Negative Broad
SD | Genérico Lujo | BCN,,roblox,Negative Broad
SD | Genérico Lujo | BCN,,forza,Negative Broad
SD | Genérico Lujo | BCN,,gran turismo,Negative Broad
SD | Genérico Lujo | BCN,,miniatura,Negative Broad
SD | Genérico Lujo | BCN,,maqueta,Negative Broad
SD | Genérico Lujo | BCN,,escala,Negative Broad
SD | Genérico Lujo | BCN,,juguete,Negative Broad
SD | Genérico Lujo | BCN,,lego,Negative Broad
SD | Genérico Lujo | BCN,,rc,Negative Broad
SD | Genérico Lujo | BCN,,furgoneta,Negative Broad
SD | Genérico Lujo | BCN,,furgo,Negative Broad
SD | Genérico Lujo | BCN,,camion,Negative Broad
SD | Genérico Lujo | BCN,,camión,Negative Broad
SD | Genérico Lujo | BCN,,mudanza,Negative Broad
SD | Genérico Lujo | BCN,,autocaravana,Negative Broad
SD | Genérico Lujo | BCN,,caravana,Negative Broad
SD | Genérico Lujo | BCN,,minibus,Negative Broad
SD | Genérico Lujo | BCN,,9 plazas,Negative Broad
SD | Genérico Lujo | BCN,,7 plazas,Negative Broad
SD | Genérico Lujo | BCN,,moto,Negative Broad
SD | Genérico Lujo | BCN,,motos,Negative Broad
SD | Genérico Lujo | BCN,,motocicleta,Negative Broad
SD | Genérico Lujo | BCN,,scooter,Negative Broad
SD | Genérico Lujo | BCN,,tmax,Negative Broad
SD | Genérico Lujo | BCN,,harley,Negative Broad
SD | Genérico Lujo | BCN,,macan,Negative Broad
SD | Genérico Lujo | BCN,,718,Negative Broad
SD | Genérico Lujo | BCN,,boxster,Negative Broad
SD | Genérico Lujo | BCN,,spyder,Negative Broad
SD | Genérico Lujo | BCN,,targa,Negative Broad
SD | Genérico Lujo | BCN,,taycan,Negative Broad
SD | Genérico Lujo | BCN,,panamera,Negative Broad
SD | Genérico Lujo | BCN,,clio,Negative Broad
SD | Genérico Lujo | BCN,,c220,Negative Broad
SD | Genérico Lujo | BCN,,clase c,Negative Broad
SD | Genérico Lujo | BCN,,ferrari,Negative Broad
SD | Genérico Lujo | BCN,,mclaren,Negative Broad
SD | Genérico Lujo | BCN,,bentley,Negative Broad
SD | Genérico Lujo | BCN,,rolls royce,Negative Broad
SD | Genérico Lujo | BCN,,maserati,Negative Broad
SD | Genérico Lujo | BCN,,aston martin,Negative Broad
SD | Genérico Lujo | BCN,,bmw,Negative Broad
SD | Genérico Lujo | BCN,,tesla,Negative Broad
SD | Genérico Lujo | BCN,,huracan,Negative Broad
SD | Genérico Lujo | BCN,,huracán,Negative Broad
SD | Genérico Lujo | BCN,,aventador,Negative Broad
SD | Genérico Lujo | BCN,,revuelto,Negative Broad
SD | Genérico Lujo | BCN,,gallardo,Negative Broad
SD | Genérico Lujo | BCN,,temerario,Negative Broad
SD | Genérico Lujo | BCN,,con conductor,Negative Broad
SD | Genérico Lujo | BCN,,con chofer,Negative Broad
SD | Genérico Lujo | BCN,,con chófer,Negative Broad
SD | Genérico Lujo | BCN,,chofer,Negative Broad
SD | Genérico Lujo | BCN,,chófer,Negative Broad
SD | Genérico Lujo | BCN,,limusina,Negative Broad
SD | Genérico Lujo | BCN,,por horas,Negative Broad
SD | Genérico Lujo | BCN,,1 hora,Negative Broad
SD | Genérico Lujo | BCN,,una hora,Negative Broad
SD | Genérico Lujo | BCN,,sixt,Negative Broad
SD | Genérico Lujo | BCN,,europcar,Negative Broad
SD | Genérico Lujo | BCN,,hertz,Negative Broad
SD | Genérico Lujo | BCN,,avis,Negative Broad
SD | Genérico Lujo | BCN,,enterprise,Negative Broad
SD | Genérico Lujo | BCN,,goldcar,Negative Broad
SD | Genérico Lujo | BCN,,centauro,Negative Broad
SD | Genérico Lujo | BCN,,ok mobility,Negative Broad
SD | Genérico Lujo | BCN,,record go,Negative Broad
SD | Genérico Lujo | BCN,,getaround,Negative Broad
SD | Genérico Lujo | BCN,,amovens,Negative Broad
SD | Genérico Lujo | BCN,,socialcar,Negative Broad
SD | Genérico Lujo | BCN,,drivy,Negative Broad
SD | Genérico Lujo | BCN,,cooltra,Negative Broad
SD | Genérico Lujo | BCN,,yego,Negative Broad
SD | Genérico Lujo | BCN,,que es,Negative Broad
SD | Genérico Lujo | BCN,,qué es,Negative Broad
SD | Genérico Lujo | BCN,,wikipedia,Negative Broad
SD | Genérico Lujo | BCN,,pdf,Negative Broad
SD | Genérico Lujo | BCN,,manual,Negative Broad
SD | Genérico Lujo | BCN,,boda,Negative Broad
SD | Genérico Lujo | BCN,,bodas,Negative Broad
SD | Genérico Lujo | BCN,Alquiler Coche Deportivo BCN,circuito,Negative Broad
SD | Genérico Lujo | BCN,Alquiler Coche Deportivo BCN,track day,Negative Broad
SD | Genérico Lujo | BCN,Alquiler Coche Deportivo BCN,tanda,Negative Broad
SD | Genérico Lujo | BCN,Alquiler Coche Deportivo BCN,montmelo,Negative Broad
SD | Genérico Lujo | BCN,Alquiler Coche Deportivo BCN,montmeló,Negative Broad
SD | Genérico Lujo | BCN,Alquiler Descapotable BCN,porsche,Negative Broad
SD | Genérico Lujo | BCN,Alquiler Descapotable BCN,911,Negative Broad
SD | Genérico Lujo | BCN,Luxury Car Rental BCN (EN),cheap,Negative Broad
SD | Genérico Lujo | BCN,Luxury Car Rental BCN (EN),cheapest,Negative Broad
SD | Genérico Lujo | BCN,Luxury Car Rental BCN (EN),budget,Negative Broad
SD | Genérico Lujo | BCN,Luxury Car Rental BCN (EN),with driver,Negative Broad
SD | Genérico Lujo | BCN,Luxury Car Rental BCN (EN),chauffeur,Negative Broad
SD | Por Marca | BCN,,gratis,Negative Broad
SD | Por Marca | BCN,,barato,Negative Broad
SD | Por Marca | BCN,,barata,Negative Broad
SD | Por Marca | BCN,,baratos,Negative Broad
SD | Por Marca | BCN,,baratas,Negative Broad
SD | Por Marca | BCN,,economico,Negative Broad
SD | Por Marca | BCN,,económico,Negative Broad
SD | Por Marca | BCN,,economica,Negative Broad
SD | Por Marca | BCN,,económica,Negative Broad
SD | Por Marca | BCN,,low cost,Negative Broad
SD | Por Marca | BCN,,lowcost,Negative Broad
SD | Por Marca | BCN,,oferta,Negative Broad
SD | Por Marca | BCN,,ofertas,Negative Broad
SD | Por Marca | BCN,,descuento,Negative Broad
SD | Por Marca | BCN,,comprar,Negative Broad
SD | Por Marca | BCN,,compra,Negative Broad
SD | Por Marca | BCN,,venta,Negative Broad
SD | Por Marca | BCN,,vender,Negative Broad
SD | Por Marca | BCN,,segunda mano,Negative Broad
SD | Por Marca | BCN,,ocasion,Negative Broad
SD | Por Marca | BCN,,ocasión,Negative Broad
SD | Por Marca | BCN,,km 0,Negative Broad
SD | Por Marca | BCN,,km0,Negative Broad
SD | Por Marca | BCN,,nuevo precio,Negative Broad
SD | Por Marca | BCN,,precio nuevo,Negative Broad
SD | Por Marca | BCN,,concesionario,Negative Broad
SD | Por Marca | BCN,,ficha tecnica,Negative Broad
SD | Por Marca | BCN,,ficha técnica,Negative Broad
SD | Por Marca | BCN,,prueba,Negative Broad
SD | Por Marca | BCN,,test drive,Negative Broad
SD | Por Marca | BCN,,opiniones,Negative Broad
SD | Por Marca | BCN,,review,Negative Broad
SD | Por Marca | BCN,,renting,Negative Broad
SD | Por Marca | BCN,,leasing,Negative Broad
SD | Por Marca | BCN,,largo plazo,Negative Broad
SD | Por Marca | BCN,,suscripcion,Negative Broad
SD | Por Marca | BCN,,suscripción,Negative Broad
SD | Por Marca | BCN,,financiacion,Negative Broad
SD | Por Marca | BCN,,financiación,Negative Broad
SD | Por Marca | BCN,,cuotas,Negative Broad
SD | Por Marca | BCN,,empleo,Negative Broad
SD | Por Marca | BCN,,trabajo,Negative Broad
SD | Por Marca | BCN,,trabajos,Negative Broad
SD | Por Marca | BCN,,ofertas de empleo,Negative Broad
SD | Por Marca | BCN,,se busca,Negative Broad
SD | Por Marca | BCN,,sueldo,Negative Broad
SD | Por Marca | BCN,,salario,Negative Broad
SD | Por Marca | BCN,,curriculum,Negative Broad
SD | Por Marca | BCN,,vacante,Negative Broad
SD | Por Marca | BCN,,seguro,Negative Broad
SD | Por Marca | BCN,,seguros,Negative Broad
SD | Por Marca | BCN,,aseguradora,Negative Broad
SD | Por Marca | BCN,,taller,Negative Broad
SD | Por Marca | BCN,,reparacion,Negative Broad
SD | Por Marca | BCN,,reparación,Negative Broad
SD | Por Marca | BCN,,mecanico,Negative Broad
SD | Por Marca | BCN,,mecánico,Negative Broad
SD | Por Marca | BCN,,carnet,Negative Broad
SD | Por Marca | BCN,,autoescuela,Negative Broad
SD | Por Marca | BCN,,clases,Negative Broad
SD | Por Marca | BCN,,curso,Negative Broad
SD | Por Marca | BCN,,cursos,Negative Broad
SD | Por Marca | BCN,,vinilo,Negative Broad
SD | Por Marca | BCN,,vinilos,Negative Broad
SD | Por Marca | BCN,,vinilar,Negative Broad
SD | Por Marca | BCN,,wrapping,Negative Broad
SD | Por Marca | BCN,,wrap,Negative Broad
SD | Por Marca | BCN,,rotulacion,Negative Broad
SD | Por Marca | BCN,,rotulación,Negative Broad
SD | Por Marca | BCN,,tuning,Negative Broad
SD | Por Marca | BCN,,laminas,Negative Broad
SD | Por Marca | BCN,,láminas,Negative Broad
SD | Por Marca | BCN,,ppf,Negative Broad
SD | Por Marca | BCN,,detailing,Negative Broad
SD | Por Marca | BCN,,pulido,Negative Broad
SD | Por Marca | BCN,,pulir,Negative Broad
SD | Por Marca | BCN,,ceramico,Negative Broad
SD | Por Marca | BCN,,cerámico,Negative Broad
SD | Por Marca | BCN,,body kit,Negative Broad
SD | Por Marca | BCN,,juego,Negative Broad
SD | Por Marca | BCN,,juegos,Negative Broad
SD | Por Marca | BCN,,gta,Negative Broad
SD | Por Marca | BCN,,simulador,Negative Broad
SD | Por Marca | BCN,,roblox,Negative Broad
SD | Por Marca | BCN,,forza,Negative Broad
SD | Por Marca | BCN,,gran turismo,Negative Broad
SD | Por Marca | BCN,,miniatura,Negative Broad
SD | Por Marca | BCN,,maqueta,Negative Broad
SD | Por Marca | BCN,,escala,Negative Broad
SD | Por Marca | BCN,,juguete,Negative Broad
SD | Por Marca | BCN,,lego,Negative Broad
SD | Por Marca | BCN,,rc,Negative Broad
SD | Por Marca | BCN,,furgoneta,Negative Broad
SD | Por Marca | BCN,,furgo,Negative Broad
SD | Por Marca | BCN,,camion,Negative Broad
SD | Por Marca | BCN,,camión,Negative Broad
SD | Por Marca | BCN,,mudanza,Negative Broad
SD | Por Marca | BCN,,autocaravana,Negative Broad
SD | Por Marca | BCN,,caravana,Negative Broad
SD | Por Marca | BCN,,minibus,Negative Broad
SD | Por Marca | BCN,,9 plazas,Negative Broad
SD | Por Marca | BCN,,7 plazas,Negative Broad
SD | Por Marca | BCN,,moto,Negative Broad
SD | Por Marca | BCN,,motos,Negative Broad
SD | Por Marca | BCN,,motocicleta,Negative Broad
SD | Por Marca | BCN,,scooter,Negative Broad
SD | Por Marca | BCN,,tmax,Negative Broad
SD | Por Marca | BCN,,harley,Negative Broad
SD | Por Marca | BCN,,macan,Negative Broad
SD | Por Marca | BCN,,718,Negative Broad
SD | Por Marca | BCN,,boxster,Negative Broad
SD | Por Marca | BCN,,spyder,Negative Broad
SD | Por Marca | BCN,,targa,Negative Broad
SD | Por Marca | BCN,,taycan,Negative Broad
SD | Por Marca | BCN,,panamera,Negative Broad
SD | Por Marca | BCN,,clio,Negative Broad
SD | Por Marca | BCN,,c220,Negative Broad
SD | Por Marca | BCN,,clase c,Negative Broad
SD | Por Marca | BCN,,ferrari,Negative Broad
SD | Por Marca | BCN,,mclaren,Negative Broad
SD | Por Marca | BCN,,bentley,Negative Broad
SD | Por Marca | BCN,,rolls royce,Negative Broad
SD | Por Marca | BCN,,maserati,Negative Broad
SD | Por Marca | BCN,,aston martin,Negative Broad
SD | Por Marca | BCN,,bmw,Negative Broad
SD | Por Marca | BCN,,tesla,Negative Broad
SD | Por Marca | BCN,,huracan,Negative Broad
SD | Por Marca | BCN,,huracán,Negative Broad
SD | Por Marca | BCN,,aventador,Negative Broad
SD | Por Marca | BCN,,revuelto,Negative Broad
SD | Por Marca | BCN,,gallardo,Negative Broad
SD | Por Marca | BCN,,temerario,Negative Broad
SD | Por Marca | BCN,,con conductor,Negative Broad
SD | Por Marca | BCN,,con chofer,Negative Broad
SD | Por Marca | BCN,,con chófer,Negative Broad
SD | Por Marca | BCN,,chofer,Negative Broad
SD | Por Marca | BCN,,chófer,Negative Broad
SD | Por Marca | BCN,,limusina,Negative Broad
SD | Por Marca | BCN,,por horas,Negative Broad
SD | Por Marca | BCN,,1 hora,Negative Broad
SD | Por Marca | BCN,,una hora,Negative Broad
SD | Por Marca | BCN,,sixt,Negative Broad
SD | Por Marca | BCN,,europcar,Negative Broad
SD | Por Marca | BCN,,hertz,Negative Broad
SD | Por Marca | BCN,,avis,Negative Broad
SD | Por Marca | BCN,,enterprise,Negative Broad
SD | Por Marca | BCN,,goldcar,Negative Broad
SD | Por Marca | BCN,,centauro,Negative Broad
SD | Por Marca | BCN,,ok mobility,Negative Broad
SD | Por Marca | BCN,,record go,Negative Broad
SD | Por Marca | BCN,,getaround,Negative Broad
SD | Por Marca | BCN,,amovens,Negative Broad
SD | Por Marca | BCN,,socialcar,Negative Broad
SD | Por Marca | BCN,,drivy,Negative Broad
SD | Por Marca | BCN,,cooltra,Negative Broad
SD | Por Marca | BCN,,yego,Negative Broad
SD | Por Marca | BCN,,que es,Negative Broad
SD | Por Marca | BCN,,qué es,Negative Broad
SD | Por Marca | BCN,,wikipedia,Negative Broad
SD | Por Marca | BCN,,pdf,Negative Broad
SD | Por Marca | BCN,,manual,Negative Broad
SD | Por Marca | BCN,,boda,Negative Broad
SD | Por Marca | BCN,,bodas,Negative Broad
SD | Por Marca | BCN,Porsche,911,Negative Broad
SD | Por Marca | BCN,Porsche,cayenne,Negative Broad
SD | Por Marca | BCN,Porsche,carrera,Negative Broad
SD | Por Marca | BCN,Porsche,cabrio,Negative Broad
SD | Por Marca | BCN,Porsche,cabriolet,Negative Broad
SD | Por Marca | BCN,Porsche,descapotable,Negative Broad
SD | Por Marca | BCN,Lamborghini,urus,Negative Broad
SD | Por Marca | BCN,Mercedes-AMG,g63,Negative Broad
SD | Por Marca | BCN,Mercedes-AMG,g 63,Negative Broad
SD | Por Marca | BCN,Mercedes-AMG,clase g,Negative Broad
SD | Por Marca | BCN,Mercedes-AMG,g-class,Negative Broad
SD | Por Marca | BCN,Mercedes-AMG,g class,Negative Broad
SD | Por Marca | BCN,Mercedes-AMG,a45,Negative Broad
SD | Por Marca | BCN,Mercedes-AMG,a 45,Negative Broad
SD | Por Marca | BCN,Mercedes-AMG,glc,Negative Broad
SD | Por Marca | BCN,Mercedes-AMG,a200,Negative Broad
SD | Por Marca | BCN,Mercedes-AMG,a 200,Negative Broad
SD | Por Marca | BCN,Mercedes-AMG,clase a,Negative Broad
SD | Por Marca | BCN,Mercedes-AMG,cabrio,Negative Broad
SD | Por Marca | BCN,Mercedes-AMG,cabriolet,Negative Broad
SD | Por Marca | BCN,Mercedes-AMG,vito,Negative Broad
SD | Por Marca | BCN,Mercedes-AMG,clase v,Negative Broad
SD | Por Marca | BCN,Mercedes-AMG,sprinter,Negative Broad
SD | Por Marca | BCN,Mercedes-AMG,furgon,Negative Broad
SD | Por Marca | BCN,Audi,rs3,Negative Broad
SD | Por Marca | BCN,Audi,rs 3,Negative Broad
SD | Por Marca | BCN,Audi,rs6,Negative Broad
SD | Por Marca | BCN,Audi,rs 6,Negative Broad
SD | Por Marca | BCN,Audi,rsq3,Negative Broad
SD | Por Marca | BCN,Audi,rs q3,Negative Broad
SD | Por Marca | BCN,Audi,q3,Negative Broad
SD | Por Marca | BCN,Audi,a3,Negative Broad
SD | Por Marca | BCN,Audi,a4,Negative Broad
SD | Por Marca | BCN,Audi,a5,Negative Broad
SD | Por Marca | BCN,Audi,q5,Negative Broad
SD | Por Marca | BCN,Audi,q7,Negative Broad
SD | Por Marca | BCN,Audi,a1,Negative Broad
SD | Por Marca | BCN,Audi,rs4,Negative Broad
SD | Por Marca | BCN,Audi,rs5,Negative Broad
SD | Por Marca | BCN,Audi,rs7,Negative Broad
SD | Por Marca | BCN,Audi,tt,Negative Broad
SD | Por Marca | BCN,Audi,etron,Negative Broad
SD | Por Marca | BCN,Audi,e-tron,Negative Broad
SD | Por Marca | BCN,Range Rover,velar,Negative Broad
SD | Por Marca | BCN,Range Rover,defender,Negative Broad
SD | Por Marca | BCN,Range Rover,evoque,Negative Broad
SD | Por Marca | BCN,Range Rover,sport,Negative Broad
SD | Por Marca | BCN,Range Rover,discovery,Negative Broad
SD | Por Modelo Premium | BCN,,gratis,Negative Broad
SD | Por Modelo Premium | BCN,,barato,Negative Broad
SD | Por Modelo Premium | BCN,,barata,Negative Broad
SD | Por Modelo Premium | BCN,,baratos,Negative Broad
SD | Por Modelo Premium | BCN,,baratas,Negative Broad
SD | Por Modelo Premium | BCN,,economico,Negative Broad
SD | Por Modelo Premium | BCN,,económico,Negative Broad
SD | Por Modelo Premium | BCN,,economica,Negative Broad
SD | Por Modelo Premium | BCN,,económica,Negative Broad
SD | Por Modelo Premium | BCN,,low cost,Negative Broad
SD | Por Modelo Premium | BCN,,lowcost,Negative Broad
SD | Por Modelo Premium | BCN,,oferta,Negative Broad
SD | Por Modelo Premium | BCN,,ofertas,Negative Broad
SD | Por Modelo Premium | BCN,,descuento,Negative Broad
SD | Por Modelo Premium | BCN,,comprar,Negative Broad
SD | Por Modelo Premium | BCN,,compra,Negative Broad
SD | Por Modelo Premium | BCN,,venta,Negative Broad
SD | Por Modelo Premium | BCN,,vender,Negative Broad
SD | Por Modelo Premium | BCN,,segunda mano,Negative Broad
SD | Por Modelo Premium | BCN,,ocasion,Negative Broad
SD | Por Modelo Premium | BCN,,ocasión,Negative Broad
SD | Por Modelo Premium | BCN,,km 0,Negative Broad
SD | Por Modelo Premium | BCN,,km0,Negative Broad
SD | Por Modelo Premium | BCN,,nuevo precio,Negative Broad
SD | Por Modelo Premium | BCN,,precio nuevo,Negative Broad
SD | Por Modelo Premium | BCN,,concesionario,Negative Broad
SD | Por Modelo Premium | BCN,,ficha tecnica,Negative Broad
SD | Por Modelo Premium | BCN,,ficha técnica,Negative Broad
SD | Por Modelo Premium | BCN,,prueba,Negative Broad
SD | Por Modelo Premium | BCN,,test drive,Negative Broad
SD | Por Modelo Premium | BCN,,opiniones,Negative Broad
SD | Por Modelo Premium | BCN,,review,Negative Broad
SD | Por Modelo Premium | BCN,,renting,Negative Broad
SD | Por Modelo Premium | BCN,,leasing,Negative Broad
SD | Por Modelo Premium | BCN,,largo plazo,Negative Broad
SD | Por Modelo Premium | BCN,,suscripcion,Negative Broad
SD | Por Modelo Premium | BCN,,suscripción,Negative Broad
SD | Por Modelo Premium | BCN,,financiacion,Negative Broad
SD | Por Modelo Premium | BCN,,financiación,Negative Broad
SD | Por Modelo Premium | BCN,,cuotas,Negative Broad
SD | Por Modelo Premium | BCN,,empleo,Negative Broad
SD | Por Modelo Premium | BCN,,trabajo,Negative Broad
SD | Por Modelo Premium | BCN,,trabajos,Negative Broad
SD | Por Modelo Premium | BCN,,ofertas de empleo,Negative Broad
SD | Por Modelo Premium | BCN,,se busca,Negative Broad
SD | Por Modelo Premium | BCN,,sueldo,Negative Broad
SD | Por Modelo Premium | BCN,,salario,Negative Broad
SD | Por Modelo Premium | BCN,,curriculum,Negative Broad
SD | Por Modelo Premium | BCN,,vacante,Negative Broad
SD | Por Modelo Premium | BCN,,seguro,Negative Broad
SD | Por Modelo Premium | BCN,,seguros,Negative Broad
SD | Por Modelo Premium | BCN,,aseguradora,Negative Broad
SD | Por Modelo Premium | BCN,,taller,Negative Broad
SD | Por Modelo Premium | BCN,,reparacion,Negative Broad
SD | Por Modelo Premium | BCN,,reparación,Negative Broad
SD | Por Modelo Premium | BCN,,mecanico,Negative Broad
SD | Por Modelo Premium | BCN,,mecánico,Negative Broad
SD | Por Modelo Premium | BCN,,carnet,Negative Broad
SD | Por Modelo Premium | BCN,,autoescuela,Negative Broad
SD | Por Modelo Premium | BCN,,clases,Negative Broad
SD | Por Modelo Premium | BCN,,curso,Negative Broad
SD | Por Modelo Premium | BCN,,cursos,Negative Broad
SD | Por Modelo Premium | BCN,,vinilo,Negative Broad
SD | Por Modelo Premium | BCN,,vinilos,Negative Broad
SD | Por Modelo Premium | BCN,,vinilar,Negative Broad
SD | Por Modelo Premium | BCN,,wrapping,Negative Broad
SD | Por Modelo Premium | BCN,,wrap,Negative Broad
SD | Por Modelo Premium | BCN,,rotulacion,Negative Broad
SD | Por Modelo Premium | BCN,,rotulación,Negative Broad
SD | Por Modelo Premium | BCN,,tuning,Negative Broad
SD | Por Modelo Premium | BCN,,laminas,Negative Broad
SD | Por Modelo Premium | BCN,,láminas,Negative Broad
SD | Por Modelo Premium | BCN,,ppf,Negative Broad
SD | Por Modelo Premium | BCN,,detailing,Negative Broad
SD | Por Modelo Premium | BCN,,pulido,Negative Broad
SD | Por Modelo Premium | BCN,,pulir,Negative Broad
SD | Por Modelo Premium | BCN,,ceramico,Negative Broad
SD | Por Modelo Premium | BCN,,cerámico,Negative Broad
SD | Por Modelo Premium | BCN,,body kit,Negative Broad
SD | Por Modelo Premium | BCN,,juego,Negative Broad
SD | Por Modelo Premium | BCN,,juegos,Negative Broad
SD | Por Modelo Premium | BCN,,gta,Negative Broad
SD | Por Modelo Premium | BCN,,simulador,Negative Broad
SD | Por Modelo Premium | BCN,,roblox,Negative Broad
SD | Por Modelo Premium | BCN,,forza,Negative Broad
SD | Por Modelo Premium | BCN,,gran turismo,Negative Broad
SD | Por Modelo Premium | BCN,,miniatura,Negative Broad
SD | Por Modelo Premium | BCN,,maqueta,Negative Broad
SD | Por Modelo Premium | BCN,,escala,Negative Broad
SD | Por Modelo Premium | BCN,,juguete,Negative Broad
SD | Por Modelo Premium | BCN,,lego,Negative Broad
SD | Por Modelo Premium | BCN,,rc,Negative Broad
SD | Por Modelo Premium | BCN,,furgoneta,Negative Broad
SD | Por Modelo Premium | BCN,,furgo,Negative Broad
SD | Por Modelo Premium | BCN,,camion,Negative Broad
SD | Por Modelo Premium | BCN,,camión,Negative Broad
SD | Por Modelo Premium | BCN,,mudanza,Negative Broad
SD | Por Modelo Premium | BCN,,autocaravana,Negative Broad
SD | Por Modelo Premium | BCN,,caravana,Negative Broad
SD | Por Modelo Premium | BCN,,minibus,Negative Broad
SD | Por Modelo Premium | BCN,,9 plazas,Negative Broad
SD | Por Modelo Premium | BCN,,7 plazas,Negative Broad
SD | Por Modelo Premium | BCN,,moto,Negative Broad
SD | Por Modelo Premium | BCN,,motos,Negative Broad
SD | Por Modelo Premium | BCN,,motocicleta,Negative Broad
SD | Por Modelo Premium | BCN,,scooter,Negative Broad
SD | Por Modelo Premium | BCN,,tmax,Negative Broad
SD | Por Modelo Premium | BCN,,harley,Negative Broad
SD | Por Modelo Premium | BCN,,macan,Negative Broad
SD | Por Modelo Premium | BCN,,718,Negative Broad
SD | Por Modelo Premium | BCN,,boxster,Negative Broad
SD | Por Modelo Premium | BCN,,spyder,Negative Broad
SD | Por Modelo Premium | BCN,,targa,Negative Broad
SD | Por Modelo Premium | BCN,,taycan,Negative Broad
SD | Por Modelo Premium | BCN,,panamera,Negative Broad
SD | Por Modelo Premium | BCN,,clio,Negative Broad
SD | Por Modelo Premium | BCN,,c220,Negative Broad
SD | Por Modelo Premium | BCN,,clase c,Negative Broad
SD | Por Modelo Premium | BCN,,ferrari,Negative Broad
SD | Por Modelo Premium | BCN,,mclaren,Negative Broad
SD | Por Modelo Premium | BCN,,bentley,Negative Broad
SD | Por Modelo Premium | BCN,,rolls royce,Negative Broad
SD | Por Modelo Premium | BCN,,maserati,Negative Broad
SD | Por Modelo Premium | BCN,,aston martin,Negative Broad
SD | Por Modelo Premium | BCN,,bmw,Negative Broad
SD | Por Modelo Premium | BCN,,tesla,Negative Broad
SD | Por Modelo Premium | BCN,,huracan,Negative Broad
SD | Por Modelo Premium | BCN,,huracán,Negative Broad
SD | Por Modelo Premium | BCN,,aventador,Negative Broad
SD | Por Modelo Premium | BCN,,revuelto,Negative Broad
SD | Por Modelo Premium | BCN,,gallardo,Negative Broad
SD | Por Modelo Premium | BCN,,temerario,Negative Broad
SD | Por Modelo Premium | BCN,,con conductor,Negative Broad
SD | Por Modelo Premium | BCN,,con chofer,Negative Broad
SD | Por Modelo Premium | BCN,,con chófer,Negative Broad
SD | Por Modelo Premium | BCN,,chofer,Negative Broad
SD | Por Modelo Premium | BCN,,chófer,Negative Broad
SD | Por Modelo Premium | BCN,,limusina,Negative Broad
SD | Por Modelo Premium | BCN,,por horas,Negative Broad
SD | Por Modelo Premium | BCN,,1 hora,Negative Broad
SD | Por Modelo Premium | BCN,,una hora,Negative Broad
SD | Por Modelo Premium | BCN,,sixt,Negative Broad
SD | Por Modelo Premium | BCN,,europcar,Negative Broad
SD | Por Modelo Premium | BCN,,hertz,Negative Broad
SD | Por Modelo Premium | BCN,,avis,Negative Broad
SD | Por Modelo Premium | BCN,,enterprise,Negative Broad
SD | Por Modelo Premium | BCN,,goldcar,Negative Broad
SD | Por Modelo Premium | BCN,,centauro,Negative Broad
SD | Por Modelo Premium | BCN,,ok mobility,Negative Broad
SD | Por Modelo Premium | BCN,,record go,Negative Broad
SD | Por Modelo Premium | BCN,,getaround,Negative Broad
SD | Por Modelo Premium | BCN,,amovens,Negative Broad
SD | Por Modelo Premium | BCN,,socialcar,Negative Broad
SD | Por Modelo Premium | BCN,,drivy,Negative Broad
SD | Por Modelo Premium | BCN,,cooltra,Negative Broad
SD | Por Modelo Premium | BCN,,yego,Negative Broad
SD | Por Modelo Premium | BCN,,que es,Negative Broad
SD | Por Modelo Premium | BCN,,qué es,Negative Broad
SD | Por Modelo Premium | BCN,,wikipedia,Negative Broad
SD | Por Modelo Premium | BCN,,pdf,Negative Broad
SD | Por Modelo Premium | BCN,,manual,Negative Broad
SD | Por Modelo Premium | BCN,,boda,Negative Broad
SD | Por Modelo Premium | BCN,,bodas,Negative Broad
SD | Por Modelo Económico | BCN,,gratis,Negative Broad
SD | Por Modelo Económico | BCN,,barato,Negative Broad
SD | Por Modelo Económico | BCN,,barata,Negative Broad
SD | Por Modelo Económico | BCN,,baratos,Negative Broad
SD | Por Modelo Económico | BCN,,baratas,Negative Broad
SD | Por Modelo Económico | BCN,,economico,Negative Broad
SD | Por Modelo Económico | BCN,,económico,Negative Broad
SD | Por Modelo Económico | BCN,,economica,Negative Broad
SD | Por Modelo Económico | BCN,,económica,Negative Broad
SD | Por Modelo Económico | BCN,,low cost,Negative Broad
SD | Por Modelo Económico | BCN,,lowcost,Negative Broad
SD | Por Modelo Económico | BCN,,oferta,Negative Broad
SD | Por Modelo Económico | BCN,,ofertas,Negative Broad
SD | Por Modelo Económico | BCN,,descuento,Negative Broad
SD | Por Modelo Económico | BCN,,comprar,Negative Broad
SD | Por Modelo Económico | BCN,,compra,Negative Broad
SD | Por Modelo Económico | BCN,,venta,Negative Broad
SD | Por Modelo Económico | BCN,,vender,Negative Broad
SD | Por Modelo Económico | BCN,,segunda mano,Negative Broad
SD | Por Modelo Económico | BCN,,ocasion,Negative Broad
SD | Por Modelo Económico | BCN,,ocasión,Negative Broad
SD | Por Modelo Económico | BCN,,km 0,Negative Broad
SD | Por Modelo Económico | BCN,,km0,Negative Broad
SD | Por Modelo Económico | BCN,,nuevo precio,Negative Broad
SD | Por Modelo Económico | BCN,,precio nuevo,Negative Broad
SD | Por Modelo Económico | BCN,,concesionario,Negative Broad
SD | Por Modelo Económico | BCN,,ficha tecnica,Negative Broad
SD | Por Modelo Económico | BCN,,ficha técnica,Negative Broad
SD | Por Modelo Económico | BCN,,prueba,Negative Broad
SD | Por Modelo Económico | BCN,,test drive,Negative Broad
SD | Por Modelo Económico | BCN,,opiniones,Negative Broad
SD | Por Modelo Económico | BCN,,review,Negative Broad
SD | Por Modelo Económico | BCN,,renting,Negative Broad
SD | Por Modelo Económico | BCN,,leasing,Negative Broad
SD | Por Modelo Económico | BCN,,largo plazo,Negative Broad
SD | Por Modelo Económico | BCN,,suscripcion,Negative Broad
SD | Por Modelo Económico | BCN,,suscripción,Negative Broad
SD | Por Modelo Económico | BCN,,financiacion,Negative Broad
SD | Por Modelo Económico | BCN,,financiación,Negative Broad
SD | Por Modelo Económico | BCN,,cuotas,Negative Broad
SD | Por Modelo Económico | BCN,,empleo,Negative Broad
SD | Por Modelo Económico | BCN,,trabajo,Negative Broad
SD | Por Modelo Económico | BCN,,trabajos,Negative Broad
SD | Por Modelo Económico | BCN,,ofertas de empleo,Negative Broad
SD | Por Modelo Económico | BCN,,se busca,Negative Broad
SD | Por Modelo Económico | BCN,,sueldo,Negative Broad
SD | Por Modelo Económico | BCN,,salario,Negative Broad
SD | Por Modelo Económico | BCN,,curriculum,Negative Broad
SD | Por Modelo Económico | BCN,,vacante,Negative Broad
SD | Por Modelo Económico | BCN,,seguro,Negative Broad
SD | Por Modelo Económico | BCN,,seguros,Negative Broad
SD | Por Modelo Económico | BCN,,aseguradora,Negative Broad
SD | Por Modelo Económico | BCN,,taller,Negative Broad
SD | Por Modelo Económico | BCN,,reparacion,Negative Broad
SD | Por Modelo Económico | BCN,,reparación,Negative Broad
SD | Por Modelo Económico | BCN,,mecanico,Negative Broad
SD | Por Modelo Económico | BCN,,mecánico,Negative Broad
SD | Por Modelo Económico | BCN,,carnet,Negative Broad
SD | Por Modelo Económico | BCN,,autoescuela,Negative Broad
SD | Por Modelo Económico | BCN,,clases,Negative Broad
SD | Por Modelo Económico | BCN,,curso,Negative Broad
SD | Por Modelo Económico | BCN,,cursos,Negative Broad
SD | Por Modelo Económico | BCN,,vinilo,Negative Broad
SD | Por Modelo Económico | BCN,,vinilos,Negative Broad
SD | Por Modelo Económico | BCN,,vinilar,Negative Broad
SD | Por Modelo Económico | BCN,,wrapping,Negative Broad
SD | Por Modelo Económico | BCN,,wrap,Negative Broad
SD | Por Modelo Económico | BCN,,rotulacion,Negative Broad
SD | Por Modelo Económico | BCN,,rotulación,Negative Broad
SD | Por Modelo Económico | BCN,,tuning,Negative Broad
SD | Por Modelo Económico | BCN,,laminas,Negative Broad
SD | Por Modelo Económico | BCN,,láminas,Negative Broad
SD | Por Modelo Económico | BCN,,ppf,Negative Broad
SD | Por Modelo Económico | BCN,,detailing,Negative Broad
SD | Por Modelo Económico | BCN,,pulido,Negative Broad
SD | Por Modelo Económico | BCN,,pulir,Negative Broad
SD | Por Modelo Económico | BCN,,ceramico,Negative Broad
SD | Por Modelo Económico | BCN,,cerámico,Negative Broad
SD | Por Modelo Económico | BCN,,body kit,Negative Broad
SD | Por Modelo Económico | BCN,,juego,Negative Broad
SD | Por Modelo Económico | BCN,,juegos,Negative Broad
SD | Por Modelo Económico | BCN,,gta,Negative Broad
SD | Por Modelo Económico | BCN,,simulador,Negative Broad
SD | Por Modelo Económico | BCN,,roblox,Negative Broad
SD | Por Modelo Económico | BCN,,forza,Negative Broad
SD | Por Modelo Económico | BCN,,gran turismo,Negative Broad
SD | Por Modelo Económico | BCN,,miniatura,Negative Broad
SD | Por Modelo Económico | BCN,,maqueta,Negative Broad
SD | Por Modelo Económico | BCN,,escala,Negative Broad
SD | Por Modelo Económico | BCN,,juguete,Negative Broad
SD | Por Modelo Económico | BCN,,lego,Negative Broad
SD | Por Modelo Económico | BCN,,rc,Negative Broad
SD | Por Modelo Económico | BCN,,furgoneta,Negative Broad
SD | Por Modelo Económico | BCN,,furgo,Negative Broad
SD | Por Modelo Económico | BCN,,camion,Negative Broad
SD | Por Modelo Económico | BCN,,camión,Negative Broad
SD | Por Modelo Económico | BCN,,mudanza,Negative Broad
SD | Por Modelo Económico | BCN,,autocaravana,Negative Broad
SD | Por Modelo Económico | BCN,,caravana,Negative Broad
SD | Por Modelo Económico | BCN,,minibus,Negative Broad
SD | Por Modelo Económico | BCN,,9 plazas,Negative Broad
SD | Por Modelo Económico | BCN,,7 plazas,Negative Broad
SD | Por Modelo Económico | BCN,,moto,Negative Broad
SD | Por Modelo Económico | BCN,,motos,Negative Broad
SD | Por Modelo Económico | BCN,,motocicleta,Negative Broad
SD | Por Modelo Económico | BCN,,scooter,Negative Broad
SD | Por Modelo Económico | BCN,,tmax,Negative Broad
SD | Por Modelo Económico | BCN,,harley,Negative Broad
SD | Por Modelo Económico | BCN,,macan,Negative Broad
SD | Por Modelo Económico | BCN,,718,Negative Broad
SD | Por Modelo Económico | BCN,,boxster,Negative Broad
SD | Por Modelo Económico | BCN,,spyder,Negative Broad
SD | Por Modelo Económico | BCN,,targa,Negative Broad
SD | Por Modelo Económico | BCN,,taycan,Negative Broad
SD | Por Modelo Económico | BCN,,panamera,Negative Broad
SD | Por Modelo Económico | BCN,,clio,Negative Broad
SD | Por Modelo Económico | BCN,,c220,Negative Broad
SD | Por Modelo Económico | BCN,,clase c,Negative Broad
SD | Por Modelo Económico | BCN,,ferrari,Negative Broad
SD | Por Modelo Económico | BCN,,mclaren,Negative Broad
SD | Por Modelo Económico | BCN,,bentley,Negative Broad
SD | Por Modelo Económico | BCN,,rolls royce,Negative Broad
SD | Por Modelo Económico | BCN,,maserati,Negative Broad
SD | Por Modelo Económico | BCN,,aston martin,Negative Broad
SD | Por Modelo Económico | BCN,,bmw,Negative Broad
SD | Por Modelo Económico | BCN,,tesla,Negative Broad
SD | Por Modelo Económico | BCN,,huracan,Negative Broad
SD | Por Modelo Económico | BCN,,huracán,Negative Broad
SD | Por Modelo Económico | BCN,,aventador,Negative Broad
SD | Por Modelo Económico | BCN,,revuelto,Negative Broad
SD | Por Modelo Económico | BCN,,gallardo,Negative Broad
SD | Por Modelo Económico | BCN,,temerario,Negative Broad
SD | Por Modelo Económico | BCN,,con conductor,Negative Broad
SD | Por Modelo Económico | BCN,,con chofer,Negative Broad
SD | Por Modelo Económico | BCN,,con chófer,Negative Broad
SD | Por Modelo Económico | BCN,,chofer,Negative Broad
SD | Por Modelo Económico | BCN,,chófer,Negative Broad
SD | Por Modelo Económico | BCN,,limusina,Negative Broad
SD | Por Modelo Económico | BCN,,por horas,Negative Broad
SD | Por Modelo Económico | BCN,,1 hora,Negative Broad
SD | Por Modelo Económico | BCN,,una hora,Negative Broad
SD | Por Modelo Económico | BCN,,sixt,Negative Broad
SD | Por Modelo Económico | BCN,,europcar,Negative Broad
SD | Por Modelo Económico | BCN,,hertz,Negative Broad
SD | Por Modelo Económico | BCN,,avis,Negative Broad
SD | Por Modelo Económico | BCN,,enterprise,Negative Broad
SD | Por Modelo Económico | BCN,,goldcar,Negative Broad
SD | Por Modelo Económico | BCN,,centauro,Negative Broad
SD | Por Modelo Económico | BCN,,ok mobility,Negative Broad
SD | Por Modelo Económico | BCN,,record go,Negative Broad
SD | Por Modelo Económico | BCN,,getaround,Negative Broad
SD | Por Modelo Económico | BCN,,amovens,Negative Broad
SD | Por Modelo Económico | BCN,,socialcar,Negative Broad
SD | Por Modelo Económico | BCN,,drivy,Negative Broad
SD | Por Modelo Económico | BCN,,cooltra,Negative Broad
SD | Por Modelo Económico | BCN,,yego,Negative Broad
SD | Por Modelo Económico | BCN,,que es,Negative Broad
SD | Por Modelo Económico | BCN,,qué es,Negative Broad
SD | Por Modelo Económico | BCN,,wikipedia,Negative Broad
SD | Por Modelo Económico | BCN,,pdf,Negative Broad
SD | Por Modelo Económico | BCN,,manual,Negative Broad
SD | Por Modelo Económico | BCN,,boda,Negative Broad
SD | Por Modelo Económico | BCN,,bodas,Negative Broad
SD | Ocasiones | BCN,,gratis,Negative Broad
SD | Ocasiones | BCN,,barato,Negative Broad
SD | Ocasiones | BCN,,barata,Negative Broad
SD | Ocasiones | BCN,,baratos,Negative Broad
SD | Ocasiones | BCN,,baratas,Negative Broad
SD | Ocasiones | BCN,,economico,Negative Broad
SD | Ocasiones | BCN,,económico,Negative Broad
SD | Ocasiones | BCN,,economica,Negative Broad
SD | Ocasiones | BCN,,económica,Negative Broad
SD | Ocasiones | BCN,,low cost,Negative Broad
SD | Ocasiones | BCN,,lowcost,Negative Broad
SD | Ocasiones | BCN,,oferta,Negative Broad
SD | Ocasiones | BCN,,ofertas,Negative Broad
SD | Ocasiones | BCN,,descuento,Negative Broad
SD | Ocasiones | BCN,,comprar,Negative Broad
SD | Ocasiones | BCN,,compra,Negative Broad
SD | Ocasiones | BCN,,venta,Negative Broad
SD | Ocasiones | BCN,,vender,Negative Broad
SD | Ocasiones | BCN,,segunda mano,Negative Broad
SD | Ocasiones | BCN,,ocasion,Negative Broad
SD | Ocasiones | BCN,,ocasión,Negative Broad
SD | Ocasiones | BCN,,km 0,Negative Broad
SD | Ocasiones | BCN,,km0,Negative Broad
SD | Ocasiones | BCN,,nuevo precio,Negative Broad
SD | Ocasiones | BCN,,precio nuevo,Negative Broad
SD | Ocasiones | BCN,,concesionario,Negative Broad
SD | Ocasiones | BCN,,ficha tecnica,Negative Broad
SD | Ocasiones | BCN,,ficha técnica,Negative Broad
SD | Ocasiones | BCN,,prueba,Negative Broad
SD | Ocasiones | BCN,,test drive,Negative Broad
SD | Ocasiones | BCN,,opiniones,Negative Broad
SD | Ocasiones | BCN,,review,Negative Broad
SD | Ocasiones | BCN,,renting,Negative Broad
SD | Ocasiones | BCN,,leasing,Negative Broad
SD | Ocasiones | BCN,,largo plazo,Negative Broad
SD | Ocasiones | BCN,,suscripcion,Negative Broad
SD | Ocasiones | BCN,,suscripción,Negative Broad
SD | Ocasiones | BCN,,financiacion,Negative Broad
SD | Ocasiones | BCN,,financiación,Negative Broad
SD | Ocasiones | BCN,,cuotas,Negative Broad
SD | Ocasiones | BCN,,empleo,Negative Broad
SD | Ocasiones | BCN,,trabajo,Negative Broad
SD | Ocasiones | BCN,,trabajos,Negative Broad
SD | Ocasiones | BCN,,ofertas de empleo,Negative Broad
SD | Ocasiones | BCN,,se busca,Negative Broad
SD | Ocasiones | BCN,,sueldo,Negative Broad
SD | Ocasiones | BCN,,salario,Negative Broad
SD | Ocasiones | BCN,,curriculum,Negative Broad
SD | Ocasiones | BCN,,vacante,Negative Broad
SD | Ocasiones | BCN,,seguro,Negative Broad
SD | Ocasiones | BCN,,seguros,Negative Broad
SD | Ocasiones | BCN,,aseguradora,Negative Broad
SD | Ocasiones | BCN,,taller,Negative Broad
SD | Ocasiones | BCN,,reparacion,Negative Broad
SD | Ocasiones | BCN,,reparación,Negative Broad
SD | Ocasiones | BCN,,mecanico,Negative Broad
SD | Ocasiones | BCN,,mecánico,Negative Broad
SD | Ocasiones | BCN,,carnet,Negative Broad
SD | Ocasiones | BCN,,autoescuela,Negative Broad
SD | Ocasiones | BCN,,clases,Negative Broad
SD | Ocasiones | BCN,,curso,Negative Broad
SD | Ocasiones | BCN,,cursos,Negative Broad
SD | Ocasiones | BCN,,vinilo,Negative Broad
SD | Ocasiones | BCN,,vinilos,Negative Broad
SD | Ocasiones | BCN,,vinilar,Negative Broad
SD | Ocasiones | BCN,,wrapping,Negative Broad
SD | Ocasiones | BCN,,wrap,Negative Broad
SD | Ocasiones | BCN,,rotulacion,Negative Broad
SD | Ocasiones | BCN,,rotulación,Negative Broad
SD | Ocasiones | BCN,,tuning,Negative Broad
SD | Ocasiones | BCN,,laminas,Negative Broad
SD | Ocasiones | BCN,,láminas,Negative Broad
SD | Ocasiones | BCN,,ppf,Negative Broad
SD | Ocasiones | BCN,,detailing,Negative Broad
SD | Ocasiones | BCN,,pulido,Negative Broad
SD | Ocasiones | BCN,,pulir,Negative Broad
SD | Ocasiones | BCN,,ceramico,Negative Broad
SD | Ocasiones | BCN,,cerámico,Negative Broad
SD | Ocasiones | BCN,,body kit,Negative Broad
SD | Ocasiones | BCN,,juego,Negative Broad
SD | Ocasiones | BCN,,juegos,Negative Broad
SD | Ocasiones | BCN,,gta,Negative Broad
SD | Ocasiones | BCN,,simulador,Negative Broad
SD | Ocasiones | BCN,,roblox,Negative Broad
SD | Ocasiones | BCN,,forza,Negative Broad
SD | Ocasiones | BCN,,gran turismo,Negative Broad
SD | Ocasiones | BCN,,miniatura,Negative Broad
SD | Ocasiones | BCN,,maqueta,Negative Broad
SD | Ocasiones | BCN,,escala,Negative Broad
SD | Ocasiones | BCN,,juguete,Negative Broad
SD | Ocasiones | BCN,,lego,Negative Broad
SD | Ocasiones | BCN,,rc,Negative Broad
SD | Ocasiones | BCN,,furgoneta,Negative Broad
SD | Ocasiones | BCN,,furgo,Negative Broad
SD | Ocasiones | BCN,,camion,Negative Broad
SD | Ocasiones | BCN,,camión,Negative Broad
SD | Ocasiones | BCN,,mudanza,Negative Broad
SD | Ocasiones | BCN,,autocaravana,Negative Broad
SD | Ocasiones | BCN,,caravana,Negative Broad
SD | Ocasiones | BCN,,minibus,Negative Broad
SD | Ocasiones | BCN,,9 plazas,Negative Broad
SD | Ocasiones | BCN,,7 plazas,Negative Broad
SD | Ocasiones | BCN,,moto,Negative Broad
SD | Ocasiones | BCN,,motos,Negative Broad
SD | Ocasiones | BCN,,motocicleta,Negative Broad
SD | Ocasiones | BCN,,scooter,Negative Broad
SD | Ocasiones | BCN,,tmax,Negative Broad
SD | Ocasiones | BCN,,harley,Negative Broad
SD | Ocasiones | BCN,,macan,Negative Broad
SD | Ocasiones | BCN,,718,Negative Broad
SD | Ocasiones | BCN,,boxster,Negative Broad
SD | Ocasiones | BCN,,spyder,Negative Broad
SD | Ocasiones | BCN,,targa,Negative Broad
SD | Ocasiones | BCN,,taycan,Negative Broad
SD | Ocasiones | BCN,,panamera,Negative Broad
SD | Ocasiones | BCN,,clio,Negative Broad
SD | Ocasiones | BCN,,c220,Negative Broad
SD | Ocasiones | BCN,,clase c,Negative Broad
SD | Ocasiones | BCN,,ferrari,Negative Broad
SD | Ocasiones | BCN,,mclaren,Negative Broad
SD | Ocasiones | BCN,,bentley,Negative Broad
SD | Ocasiones | BCN,,rolls royce,Negative Broad
SD | Ocasiones | BCN,,maserati,Negative Broad
SD | Ocasiones | BCN,,aston martin,Negative Broad
SD | Ocasiones | BCN,,bmw,Negative Broad
SD | Ocasiones | BCN,,tesla,Negative Broad
SD | Ocasiones | BCN,,huracan,Negative Broad
SD | Ocasiones | BCN,,huracán,Negative Broad
SD | Ocasiones | BCN,,aventador,Negative Broad
SD | Ocasiones | BCN,,revuelto,Negative Broad
SD | Ocasiones | BCN,,gallardo,Negative Broad
SD | Ocasiones | BCN,,temerario,Negative Broad
SD | Ocasiones | BCN,,con conductor,Negative Broad
SD | Ocasiones | BCN,,con chofer,Negative Broad
SD | Ocasiones | BCN,,con chófer,Negative Broad
SD | Ocasiones | BCN,,chofer,Negative Broad
SD | Ocasiones | BCN,,chófer,Negative Broad
SD | Ocasiones | BCN,,limusina,Negative Broad
SD | Ocasiones | BCN,,por horas,Negative Broad
SD | Ocasiones | BCN,,1 hora,Negative Broad
SD | Ocasiones | BCN,,una hora,Negative Broad
SD | Ocasiones | BCN,,sixt,Negative Broad
SD | Ocasiones | BCN,,europcar,Negative Broad
SD | Ocasiones | BCN,,hertz,Negative Broad
SD | Ocasiones | BCN,,avis,Negative Broad
SD | Ocasiones | BCN,,enterprise,Negative Broad
SD | Ocasiones | BCN,,goldcar,Negative Broad
SD | Ocasiones | BCN,,centauro,Negative Broad
SD | Ocasiones | BCN,,ok mobility,Negative Broad
SD | Ocasiones | BCN,,record go,Negative Broad
SD | Ocasiones | BCN,,getaround,Negative Broad
SD | Ocasiones | BCN,,amovens,Negative Broad
SD | Ocasiones | BCN,,socialcar,Negative Broad
SD | Ocasiones | BCN,,drivy,Negative Broad
SD | Ocasiones | BCN,,cooltra,Negative Broad
SD | Ocasiones | BCN,,yego,Negative Broad
SD | Ocasiones | BCN,,que es,Negative Broad
SD | Ocasiones | BCN,,qué es,Negative Broad
SD | Ocasiones | BCN,,wikipedia,Negative Broad
SD | Ocasiones | BCN,,pdf,Negative Broad
SD | Ocasiones | BCN,,manual,Negative Broad
SD | Ocasiones | BCN,,clasico,Negative Broad
SD | Ocasiones | BCN,,clásico,Negative Broad
SD | Ocasiones | BCN,,antiguo,Negative Broad
SD | Ocasiones | BCN,,vintage,Negative Broad
SD | Ocasiones | BCN,,retro,Negative Broad
SD | Ocasiones | BCN,,descapotable antiguo,Negative Broad
SD | Ocasiones | BCN,,circuito,Negative Broad
SD | Ocasiones | BCN,,track day,Negative Broad
SD | Ocasiones | BCN,,tanda,Negative Broad
SD | Ocasiones | BCN,,karting,Negative Broad
SD | Ocasiones | BCN,,montmelo,Negative Broad
SD | Ocasiones | BCN,,montmeló,Negative Broad
SD | Ocasiones | BCN,,flores,Negative Broad
SD | Ocasiones | BCN,,decoracion,Negative Broad
SD | Ocasiones | BCN,,decoración,Negative Broad
SD | Ocasiones | BCN,,fotografo,Negative Broad
SD | Ocasiones | BCN,,fotógrafo,Negative Broad
