Campaign,Callout Text
SD | Marca,Reserva por WhatsApp
SD | Marca,Entrega a domicilio 100 €
SD | Marca,Fianza desde 2.000 €
SD | Marca,Desde 18 años con carnet
SD | Marca,150 km/día incluidos
SD | Marca,Sant Cugat del Vallès
SD | Marca,Alquiler por días o meses
SD | Genérico Lujo | BCN,Reserva por WhatsApp
SD | Genérico Lujo | BCN,Entrega a domicilio 100 €
SD | Genérico Lujo | BCN,Fianza desde 2.000 €
SD | Genérico Lujo | BCN,Desde 18 años con carnet
SD | Genérico Lujo | BCN,150 km/día incluidos
SD | Genérico Lujo | BCN,Sant Cugat del Vallès
SD | Genérico Lujo | BCN,Alquiler por días o meses
SD | Por Marca | BCN,Reserva por WhatsApp
SD | Por Marca | BCN,Entrega a domicilio 100 €
SD | Por Marca | BCN,Fianza desde 2.000 €
SD | Por Marca | BCN,Desde 18 años con carnet
SD | Por Marca | BCN,150 km/día incluidos
SD | Por Marca | BCN,Sant Cugat del Vallès
SD | Por Marca | BCN,Alquiler por días o meses
SD | Por Modelo Premium | BCN,Reserva por WhatsApp
SD | Por Modelo Premium | BCN,Entrega a domicilio 100 €
SD | Por Modelo Premium | BCN,Fianza desde 2.000 €
SD | Por Modelo Premium | BCN,Desde 18 años con carnet
SD | Por Modelo Premium | BCN,150 km/día incluidos
SD | Por Modelo Premium | BCN,Sant Cugat del Vallès
SD | Por Modelo Premium | BCN,Alquiler por días o meses
SD | Por Modelo Económico | BCN,Reserva por WhatsApp
SD | Por Modelo Económico | BCN,Entrega a domicilio 100 €
SD | Por Modelo Económico | BCN,Fianza desde 2.000 €
SD | Por Modelo Económico | BCN,Desde 18 años con carnet
SD | Por Modelo Económico | BCN,150 km/día incluidos
SD | Por Modelo Económico | BCN,Sant Cugat del Vallès
SD | Por Modelo Económico | BCN,Alquiler por días o meses
SD | Ocasiones | BCN,Reserva por WhatsApp
SD | Ocasiones | BCN,Entrega a domicilio 100 €
SD | Ocasiones | BCN,Fianza desde 2.000 €
SD | Ocasiones | BCN,Desde 18 años con carnet
SD | Ocasiones | BCN,150 km/día incluidos
SD | Ocasiones | BCN,Sant Cugat del Vallès
SD | Ocasiones | BCN,Alquiler por días o meses
